x:image,y:label
.\Back_R3\PICT544.png,3
.\Right_R1\PICT019.png,17
.\Back_R3\PICT586.png,3
.\Front_R1\PICT697.png,9
.\Bottom_R2\PICT470.png,6
.\Front_R1\PICT688.png,9
.\Front_R3\PICT654.png,11
.\Bottom_R0\PICT372.png,4
.\Right_R2\PICT055.png,18
.\Top_R1\PICT193.png,21
.\Bottom_R0\PICT390.png,4
.\Back_R1\PICT544.png,1
.\Bottom_R1\PICT369.png,5
.\Front_R3\PICT703.png,11
.\Right_R2\PICT061.png,18
.\Back_R1\PICT569.png,1
.\Top_R2\PICT191.png,22
.\Top_R3\PICT222.png,23
.\Left_R1\PICT298.png,13
.\Top_R1\PICT204.png,21
.\Right_R0\PICT075.png,16
.\Top_R1\PICT209.png,21
.\Bottom_R1\PICT449.png,5
.\Left_R1\PICT299.png,13
.\Right_R3\PICT067.png,19
.\Right_R2\PICT064.png,18
.\Right_R0\PICT115.png,16
.\Left_R1\PICT338.png,13
.\Bottom_R2\PICT405.png,6
.\Back_R2\PICT572.png,2
.\Right_R2\PICT084.png,18
.\Top_R2\PICT222.png,22
.\Right_R3\PICT073.png,19
.\Right_R1\PICT100.png,17
.\Front_R1\PICT726.png,9
.\Front_R3\PICT670.png,11
.\Left_R3\PICT316.png,15
.\Right_R2\PICT096.png,18
.\Top_R1\PICT151.png,21
.\Bottom_R2\PICT381.png,6
.\Front_R0\PICT667.png,8
.\Bottom_R0\PICT395.png,4
.\Back_R0\PICT542.png,0
.\Left_R1\PICT359.png,13
.\Front_R3\PICT643.png,11
.\Back_R2\PICT560.png,2
.\Back_R2\PICT585.png,2
.\Back_R0\PICT540.png,0
.\Right_R2\PICT045.png,18
.\Bottom_R3\PICT447.png,7
.\Back_R1\PICT538.png,1
.\Left_R3\PICT315.png,15
.\Left_R0\PICT255.png,12
.\Top_R2\PICT224.png,22
.\Right_R0\PICT094.png,16
.\Back_R1\PICT612.png,1
.\Left_R2\PICT307.png,14
.\Bottom_R2\PICT449.png,6
.\Right_R0\PICT098.png,16
.\Back_R0\PICT503.png,0
.\Bottom_R1\PICT383.png,5
.\Back_R2\PICT592.png,2
.\Back_R1\PICT589.png,1
.\Right_R0\PICT096.png,16
.\Bottom_R3\PICT452.png,7
.\Left_R0\PICT268.png,12
.\Front_R0\PICT729.png,8
.\Left_R2\PICT348.png,14
.\Bottom_R2\PICT382.png,6
.\Top_R1\PICT232.png,21
.\Front_R2\PICT696.png,10
.\Top_R1\PICT214.png,21
.\Left_R3\PICT282.png,15
.\Top_R2\PICT159.png,22
.\Bottom_R3\PICT403.png,7
.\Left_R0\PICT366.png,12
.\Bottom_R3\PICT409.png,7
.\Front_R1\PICT649.png,9
.\Left_R3\PICT325.png,15
.\Top_R3\PICT132.png,23
.\Front_R2\PICT730.png,10
.\Left_R3\PICT293.png,15
.\Back_R2\PICT546.png,2
.\Right_R3\PICT019.png,19
.\Front_R0\PICT683.png,8
.\Back_R1\PICT531.png,1
.\Front_R2\PICT665.png,10
.\Back_R2\PICT567.png,2
.\Back_R3\PICT547.png,3
.\Bottom_R0\PICT418.png,4
.\Front_R1\PICT621.png,9
.\Back_R0\PICT518.png,0
.\Right_R0\PICT081.png,16
.\Left_R3\PICT307.png,15
.\Left_R2\PICT289.png,14
.\Bottom_R1\PICT402.png,5
.\Right_R0\PICT061.png,16
.\Top_R3\PICT127.png,23
.\Front_R3\PICT641.png,11
.\Left_R2\PICT332.png,14
.\Right_R0\PICT037.png,16
.\Right_R1\PICT024.png,17
.\Front_R1\PICT730.png,9
.\Bottom_R3\PICT426.png,7
.\Back_R2\PICT518.png,2
.\Left_R2\PICT301.png,14
.\Bottom_R0\PICT436.png,4
.\Back_R0\PICT561.png,0
.\Back_R0\PICT537.png,0
.\Back_R0\PICT607.png,0
.\Bottom_R1\PICT430.png,5
.\Back_R1\PICT599.png,1
.\Left_R1\PICT325.png,13
.\Right_R3\PICT106.png,19
.\Front_R1\PICT713.png,9
.\Top_R1\PICT226.png,21
.\Top_R1\PICT129.png,21
.\Front_R0\PICT720.png,8
.\Left_R3\PICT313.png,15
.\Front_R3\PICT739.png,11
.\Back_R0\PICT523.png,0
.\Right_R2\PICT094.png,18
.\Top_R2\PICT189.png,22
.\Bottom_R1\PICT433.png,5
.\Left_R3\PICT245.png,15
.\Bottom_R0\PICT471.png,4
.\Front_R1\PICT724.png,9
.\Front_R2\PICT732.png,10
.\Top_R2\PICT123.png,22
.\Right_R0\PICT099.png,16
.\Top_R1\PICT229.png,21
.\Top_R0\PICT137.png,20
.\Front_R1\PICT680.png,9
.\Right_R0\PICT026.png,16
.\Left_R1\PICT247.png,13
.\Right_R3\PICT084.png,19
.\Back_R0\PICT485.png,0
.\Front_R3\PICT719.png,11
.\Back_R0\PICT517.png,0
.\Right_R1\PICT037.png,17
.\Bottom_R2\PICT437.png,6
.\Left_R3\PICT338.png,15
.\Right_R0\PICT074.png,16
.\Front_R3\PICT716.png,11
.\Front_R3\PICT630.png,11
.\Left_R1\PICT260.png,13
.\Top_R1\PICT121.png,21
.\Top_R0\PICT129.png,20
.\Back_R0\PICT566.png,0
.\Bottom_R2\PICT477.png,6
.\Right_R3\PICT078.png,19
.\Front_R2\PICT720.png,10
.\Top_R0\PICT168.png,20
.\Left_R1\PICT323.png,13
.\Back_R0\PICT582.png,0
.\Left_R1\PICT290.png,13
.\Back_R3\PICT485.png,3
.\Right_R3\PICT052.png,19
.\Front_R2\PICT687.png,10
.\Front_R3\PICT720.png,11
.\Back_R1\PICT605.png,1
.\Back_R1\PICT518.png,1
.\Right_R1\PICT048.png,17
.\Left_R2\PICT350.png,14
.\Right_R2\PICT030.png,18
.\Left_R3\PICT354.png,15
.\Back_R0\PICT579.png,0
.\Top_R3\PICT135.png,23
.\Back_R3\PICT569.png,3
.\Back_R3\PICT591.png,3
.\Front_R1\PICT687.png,9
.\Right_R3\PICT045.png,19
.\Top_R3\PICT174.png,23
.\Left_R2\PICT270.png,14
.\Left_R2\PICT288.png,14
.\Back_R2\PICT581.png,2
.\Front_R1\PICT739.png,9
.\Top_R0\PICT220.png,20
.\Left_R3\PICT272.png,15
.\Right_R2\PICT099.png,18
.\Bottom_R2\PICT462.png,6
.\Front_R1\PICT667.png,9
.\Back_R3\PICT556.png,3
.\Left_R1\PICT365.png,13
.\Top_R1\PICT216.png,21
.\Right_R0\PICT071.png,16
.\Right_R3\PICT114.png,19
.\Right_R1\PICT049.png,17
.\Right_R2\PICT026.png,18
.\Bottom_R0\PICT396.png,4
.\Bottom_R2\PICT374.png,6
.\Top_R3\PICT210.png,23
.\Right_R2\PICT012.png,18
.\Bottom_R2\PICT476.png,6
.\Front_R0\PICT624.png,8
.\Right_R0\PICT051.png,16
.\Right_R3\PICT034.png,19
.\Right_R1\PICT011.png,17
.\Top_R0\PICT176.png,20
.\Back_R2\PICT597.png,2
.\Top_R0\PICT189.png,20
.\Back_R2\PICT538.png,2
.\Front_R2\PICT703.png,10
.\Bottom_R0\PICT445.png,4
.\Bottom_R1\PICT382.png,5
.\Front_R3\PICT734.png,11
.\Top_R3\PICT164.png,23
.\Bottom_R1\PICT459.png,5
.\Right_R3\PICT091.png,19
.\Left_R0\PICT294.png,12
.\Top_R0\PICT225.png,20
.\Top_R1\PICT142.png,21
.\Bottom_R2\PICT417.png,6
.\Bottom_R1\PICT406.png,5
.\Front_R3\PICT710.png,11
.\Bottom_R1\PICT386.png,5
.\Right_R0\PICT065.png,16
.\Right_R3\PICT032.png,19
.\Right_R1\PICT051.png,17
.\Front_R2\PICT666.png,10
.\Top_R2\PICT199.png,22
.\Top_R0\PICT242.png,20
.\Top_R1\PICT166.png,21
.\Right_R3\PICT105.png,19
.\Right_R2\PICT057.png,18
.\Bottom_R3\PICT449.png,7
.\Left_R0\PICT338.png,12
.\Top_R2\PICT212.png,22
.\Top_R1\PICT119.png,21
.\Bottom_R2\PICT397.png,6
.\Right_R2\PICT074.png,18
.\Top_R0\PICT223.png,20
.\Top_R3\PICT170.png,23
.\Front_R0\PICT670.png,8
.\Top_R0\PICT149.png,20
.\Top_R1\PICT201.png,21
.\Back_R0\PICT555.png,0
.\Bottom_R0\PICT457.png,4
.\Back_R2\PICT517.png,2
.\Back_R2\PICT516.png,2
.\Left_R1\PICT357.png,13
.\Front_R3\PICT679.png,11
.\Back_R3\PICT566.png,3
.\Back_R1\PICT553.png,1
.\Top_R1\PICT174.png,21
.\Bottom_R1\PICT475.png,5
.\Back_R1\PICT548.png,1
.\Top_R0\PICT148.png,20
.\Right_R0\PICT038.png,16
.\Bottom_R0\PICT461.png,4
.\Right_R1\PICT065.png,17
.\Top_R2\PICT198.png,22
.\Back_R1\PICT526.png,1
.\Bottom_R0\PICT375.png,4
.\Front_R2\PICT667.png,10
.\Left_R1\PICT305.png,13
.\Top_R1\PICT179.png,21
.\Front_R0\PICT682.png,8
.\Front_R0\PICT665.png,8
.\Left_R2\PICT250.png,14
.\Back_R3\PICT529.png,3
.\Back_R1\PICT549.png,1
.\Right_R1\PICT060.png,17
.\Left_R1\PICT288.png,13
.\Top_R0\PICT192.png,20
.\Top_R2\PICT150.png,22
.\Front_R1\PICT699.png,9
.\Right_R0\PICT095.png,16
.\Left_R0\PICT243.png,12
.\Top_R0\PICT212.png,20
.\Bottom_R0\PICT425.png,4
.\Top_R1\PICT202.png,21
.\Back_R0\PICT552.png,0
.\Left_R1\PICT283.png,13
.\Back_R3\PICT575.png,3
.\Front_R1\PICT708.png,9
.\Front_R0\PICT627.png,8
.\Back_R3\PICT490.png,3
.\Left_R1\PICT254.png,13
.\Left_R3\PICT256.png,15
.\Bottom_R1\PICT397.png,5
.\Back_R0\PICT545.png,0
.\Left_R2\PICT330.png,14
.\Left_R1\PICT337.png,13
.\Front_R0\PICT704.png,8
.\Top_R3\PICT122.png,23
.\Bottom_R0\PICT381.png,4
.\Back_R3\PICT580.png,3
.\Front_R0\PICT658.png,8
.\Top_R0\PICT228.png,20
.\Front_R2\PICT629.png,10
.\Bottom_R0\PICT422.png,4
.\Left_R2\PICT249.png,14
.\Right_R3\PICT088.png,19
.\Front_R0\PICT676.png,8
.\Left_R0\PICT295.png,12
.\Top_R1\PICT155.png,21
.\Top_R1\PICT182.png,21
.\Left_R2\PICT268.png,14
.\Back_R0\PICT556.png,0
.\Back_R0\PICT483.png,0
.\Bottom_R3\PICT377.png,7
.\Bottom_R0\PICT432.png,4
.\Left_R3\PICT243.png,15
.\Right_R0\PICT010.png,16
.\Back_R0\PICT513.png,0
.\Back_R2\PICT503.png,2
.\Back_R3\PICT527.png,3
.\Right_R0\PICT060.png,16
.\Left_R3\PICT364.png,15
.\Bottom_R3\PICT416.png,7
.\Left_R3\PICT247.png,15
.\Left_R2\PICT293.png,14
.\Back_R1\PICT546.png,1
.\Right_R3\PICT107.png,19
.\Top_R0\PICT139.png,20
.\Front_R0\PICT732.png,8
.\Left_R0\PICT274.png,12
.\Bottom_R1\PICT374.png,5
.\Right_R3\PICT079.png,19
.\Left_R0\PICT267.png,12
.\Bottom_R3\PICT460.png,7
.\Front_R3\PICT655.png,11
.\Back_R1\PICT507.png,1
.\Bottom_R2\PICT413.png,6
.\Right_R3\PICT075.png,19
.\Back_R0\PICT554.png,0
.\Back_R0\PICT496.png,0
.\Front_R2\PICT624.png,10
.\Front_R2\PICT708.png,10
.\Right_R2\PICT089.png,18
.\Right_R1\PICT116.png,17
.\Bottom_R2\PICT465.png,6
.\Left_R3\PICT248.png,15
.\Front_R1\PICT705.png,9
.\Right_R0\PICT110.png,16
.\Top_R2\PICT118.png,22
.\Top_R2\PICT181.png,22
.\Top_R1\PICT120.png,21
.\Left_R3\PICT298.png,15
.\Left_R0\PICT357.png,12
.\Right_R0\PICT016.png,16
.\Right_R0\PICT014.png,16
.\Back_R0\PICT608.png,0
.\Top_R1\PICT208.png,21
.\Back_R1\PICT537.png,1
.\Back_R0\PICT511.png,0
.\Back_R0\PICT551.png,0
.\Top_R1\PICT148.png,21
.\Right_R1\PICT096.png,17
.\Front_R3\PICT686.png,11
.\Front_R3\PICT646.png,11
.\Front_R3\PICT682.png,11
.\Right_R2\PICT109.png,18
.\Top_R1\PICT181.png,21
.\Top_R3\PICT159.png,23
.\Left_R0\PICT292.png,12
.\Front_R2\PICT702.png,10
.\Left_R1\PICT310.png,13
.\Bottom_R3\PICT425.png,7
.\Left_R3\PICT249.png,15
.\Left_R3\PICT278.png,15
.\Back_R3\PICT505.png,3
.\Top_R1\PICT118.png,21
.\Bottom_R2\PICT438.png,6
.\Bottom_R0\PICT475.png,4
.\Front_R1\PICT668.png,9
.\Right_R1\PICT077.png,17
.\Top_R3\PICT167.png,23
.\Front_R3\PICT671.png,11
.\Right_R0\PICT020.png,16
.\Front_R1\PICT644.png,9
.\Back_R2\PICT598.png,2
.\Back_R1\PICT527.png,1
.\Right_R3\PICT081.png,19
.\Top_R0\PICT191.png,20
.\Front_R3\PICT689.png,11
.\Top_R0\PICT234.png,20
.\Left_R2\PICT344.png,14
.\Top_R2\PICT121.png,22
.\Left_R1\PICT277.png,13
.\Bottom_R0\PICT476.png,4
.\Left_R0\PICT313.png,12
.\Back_R0\PICT526.png,0
.\Back_R3\PICT518.png,3
.\Bottom_R3\PICT380.png,7
.\Top_R1\PICT170.png,21
.\Back_R2\PICT566.png,2
.\Bottom_R3\PICT479.png,7
.\Right_R0\PICT046.png,16
.\Left_R0\PICT341.png,12
.\Left_R1\PICT266.png,13
.\Back_R2\PICT565.png,2
.\Top_R0\PICT213.png,20
.\Back_R1\PICT505.png,1
.\Bottom_R2\PICT377.png,6
.\Top_R2\PICT166.png,22
.\Left_R1\PICT304.png,13
.\Right_R1\PICT018.png,17
.\Top_R1\PICT225.png,21
.\Left_R0\PICT334.png,12
.\Back_R2\PICT568.png,2
.\Back_R2\PICT603.png,2
.\Right_R3\PICT116.png,19
.\Top_R2\PICT195.png,22
.\Right_R3\PICT040.png,19
.\Bottom_R0\PICT448.png,4
.\Right_R1\PICT030.png,17
.\Top_R1\PICT184.png,21
.\Back_R1\PICT508.png,1
.\Bottom_R2\PICT406.png,6
.\Top_R2\PICT204.png,22
.\Back_R1\PICT577.png,1
.\Left_R3\PICT265.png,15
.\Left_R0\PICT365.png,12
.\Right_R0\PICT111.png,16
.\Left_R0\PICT246.png,12
.\Left_R3\PICT362.png,15
.\Left_R2\PICT337.png,14
.\Back_R3\PICT558.png,3
.\Left_R3\PICT267.png,15
.\Right_R0\PICT048.png,16
.\Left_R3\PICT335.png,15
.\Left_R3\PICT257.png,15
.\Bottom_R2\PICT399.png,6
.\Top_R1\PICT188.png,21
.\Left_R0\PICT280.png,12
.\Front_R1\PICT725.png,9
.\Left_R3\PICT363.png,15
.\Bottom_R1\PICT393.png,5
.\Left_R0\PICT248.png,12
.\Bottom_R0\PICT394.png,4
.\Right_R0\PICT024.png,16
.\Bottom_R3\PICT465.png,7
.\Top_R3\PICT133.png,23
.\Top_R1\PICT137.png,21
.\Top_R3\PICT147.png,23
.\Back_R0\PICT560.png,0
.\Back_R3\PICT589.png,3
.\Back_R3\PICT543.png,3
.\Front_R0\PICT642.png,8
.\Front_R3\PICT651.png,11
.\Right_R2\PICT066.png,18
.\Top_R2\PICT213.png,22
.\Front_R1\PICT695.png,9
.\Bottom_R3\PICT467.png,7
.\Front_R0\PICT615.png,8
.\Front_R2\PICT736.png,10
.\Top_R2\PICT211.png,22
.\Bottom_R1\PICT453.png,5
.\Left_R1\PICT364.png,13
.\Back_R2\PICT573.png,2
.\Bottom_R3\PICT439.png,7
.\Left_R3\PICT261.png,15
.\Back_R2\PICT605.png,2
.\Left_R0\PICT343.png,12
.\Top_R1\PICT205.png,21
.\Back_R2\PICT578.png,2
.\Left_R3\PICT251.png,15
.\Bottom_R0\PICT442.png,4
.\Left_R2\PICT266.png,14
.\Front_R3\PICT668.png,11
.\Back_R0\PICT610.png,0
.\Left_R3\PICT360.png,15
.\Bottom_R2\PICT378.png,6
.\Right_R1\PICT062.png,17
.\Left_R1\PICT354.png,13
.\Bottom_R1\PICT425.png,5
.\Front_R0\PICT671.png,8
.\Left_R3\PICT309.png,15
.\Right_R3\PICT104.png,19
.\Front_R2\PICT709.png,10
.\Bottom_R0\PICT386.png,4
.\Right_R2\PICT022.png,18
.\Back_R0\PICT495.png,0
.\Left_R3\PICT323.png,15
.\Right_R1\PICT038.png,17
.\Left_R3\PICT290.png,15
.\Left_R3\PICT260.png,15
.\Back_R1\PICT489.png,1
.\Right_R1\PICT025.png,17
.\Front_R3\PICT724.png,11
.\Top_R0\PICT181.png,20
.\Bottom_R1\PICT467.png,5
.\Right_R2\PICT010.png,18
.\Left_R2\PICT362.png,14
.\Top_R2\PICT154.png,22
.\Bottom_R1\PICT368.png,5
.\Left_R1\PICT271.png,13
.\Left_R2\PICT276.png,14
.\Bottom_R0\PICT424.png,4
.\Right_R0\PICT023.png,16
.\Left_R1\PICT257.png,13
.\Top_R2\PICT218.png,22
.\Left_R2\PICT311.png,14
.\Right_R3\PICT010.png,19
.\Top_R2\PICT170.png,22
.\Back_R0\PICT489.png,0
.\Bottom_R3\PICT428.png,7
.\Right_R0\PICT082.png,16
.\Top_R0\PICT222.png,20
.\Bottom_R0\PICT391.png,4
.\Top_R0\PICT230.png,20
.\Front_R0\PICT633.png,8
.\Right_R3\PICT049.png,19
.\Front_R2\PICT711.png,10
.\Top_R2\PICT202.png,22
.\Top_R1\PICT239.png,21
.\Right_R3\PICT027.png,19
.\Right_R3\PICT076.png,19
.\Bottom_R3\PICT430.png,7
.\Left_R0\PICT244.png,12
.\Front_R3\PICT740.png,11
.\Right_R0\PICT028.png,16
.\Front_R3\PICT656.png,11
.\Left_R3\PICT339.png,15
.\Bottom_R1\PICT417.png,5
.\Front_R3\PICT700.png,11
.\Back_R3\PICT567.png,3
.\Front_R2\PICT658.png,10
.\Bottom_R3\PICT422.png,7
.\Top_R0\PICT121.png,20
.\Back_R1\PICT547.png,1
.\Top_R2\PICT176.png,22
.\Left_R1\PICT308.png,13
.\Back_R1\PICT566.png,1
.\Bottom_R2\PICT428.png,6
.\Bottom_R2\PICT416.png,6
.\Left_R3\PICT322.png,15
.\Left_R3\PICT346.png,15
.\Bottom_R3\PICT448.png,7
.\Front_R2\PICT742.png,10
.\Back_R3\PICT600.png,3
.\Bottom_R3\PICT415.png,7
.\Back_R2\PICT590.png,2
.\Front_R2\PICT697.png,10
.\Bottom_R2\PICT471.png,6
.\Top_R1\PICT187.png,21
.\Front_R2\PICT630.png,10
.\Left_R0\PICT305.png,12
.\Top_R2\PICT147.png,22
.\Right_R1\PICT090.png,17
.\Front_R2\PICT654.png,10
.\Right_R0\PICT066.png,16
.\Top_R3\PICT168.png,23
.\Right_R2\PICT081.png,18
.\Back_R0\PICT529.png,0
.\Back_R0\PICT572.png,0
.\Bottom_R0\PICT402.png,4
.\Top_R0\PICT194.png,20
.\Front_R1\PICT712.png,9
.\Left_R1\PICT324.png,13
.\Back_R2\PICT540.png,2
.\Bottom_R3\PICT373.png,7
.\Top_R1\PICT153.png,21
.\Right_R1\PICT033.png,17
.\Right_R1\PICT047.png,17
.\Front_R2\PICT715.png,10
.\Left_R2\PICT353.png,14
.\Top_R3\PICT134.png,23
.\Top_R0\PICT138.png,20
.\Bottom_R2\PICT436.png,6
.\Back_R2\PICT588.png,2
.\Bottom_R3\PICT408.png,7
.\Left_R3\PICT314.png,15
.\Front_R3\PICT625.png,11
.\Left_R2\PICT257.png,14
.\Bottom_R2\PICT469.png,6
.\Bottom_R0\PICT367.png,4
.\Top_R3\PICT149.png,23
.\Top_R3\PICT183.png,23
.\Right_R1\PICT070.png,17
.\Bottom_R2\PICT408.png,6
.\Left_R3\PICT301.png,15
.\Front_R2\PICT634.png,10
.\Left_R1\PICT243.png,13
.\Bottom_R2\PICT434.png,6
.\Right_R3\PICT098.png,19
.\Front_R0\PICT737.png,8
.\Left_R2\PICT304.png,14
.\Front_R0\PICT649.png,8
.\Top_R3\PICT227.png,23
.\Bottom_R2\PICT392.png,6
.\Back_R2\PICT504.png,2
.\Back_R2\PICT487.png,2
.\Front_R3\PICT623.png,11
.\Front_R3\PICT675.png,11
.\Top_R3\PICT224.png,23
.\Front_R3\PICT745.png,11
.\Left_R1\PICT293.png,13
.\Front_R2\PICT653.png,10
.\Back_R3\PICT515.png,3
.\Top_R1\PICT168.png,21
.\Left_R2\PICT253.png,14
.\Back_R0\PICT586.png,0
.\Back_R3\PICT528.png,3
.\Bottom_R2\PICT389.png,6
.\Front_R3\PICT652.png,11
.\Left_R2\PICT285.png,14
.\Left_R3\PICT286.png,15
.\Top_R0\PICT209.png,20
.\Left_R0\PICT332.png,12
.\Top_R2\PICT172.png,22
.\Top_R2\PICT200.png,22
.\Right_R0\PICT015.png,16
.\Bottom_R0\PICT377.png,4
.\Left_R3\PICT302.png,15
.\Front_R1\PICT665.png,9
.\Front_R2\PICT636.png,10
.\Left_R1\PICT252.png,13
.\Left_R3\PICT329.png,15
.\Front_R3\PICT687.png,11
.\Front_R0\PICT618.png,8
.\Bottom_R0\PICT434.png,4
.\Front_R1\PICT658.png,9
.\Left_R1\PICT353.png,13
.\Bottom_R3\PICT444.png,7
.\Top_R3\PICT162.png,23
.\Top_R1\PICT123.png,21
.\Right_R0\PICT076.png,16
.\Bottom_R3\PICT381.png,7
.\Right_R2\PICT019.png,18
.\Bottom_R2\PICT379.png,6
.\Right_R1\PICT013.png,17
.\Back_R0\PICT567.png,0
.\Top_R2\PICT206.png,22
.\Back_R3\PICT513.png,3
.\Left_R3\PICT285.png,15
.\Right_R1\PICT032.png,17
.\Left_R2\PICT275.png,14
.\Right_R3\PICT090.png,19
.\Right_R1\PICT068.png,17
.\Front_R1\PICT729.png,9
.\Back_R2\PICT577.png,2
.\Bottom_R0\PICT428.png,4
.\Top_R2\PICT137.png,22
.\Front_R1\PICT648.png,9
.\Top_R0\PICT135.png,20
.\Bottom_R2\PICT412.png,6
.\Left_R1\PICT294.png,13
.\Front_R0\PICT659.png,8
.\Right_R0\PICT109.png,16
.\Front_R2\PICT632.png,10
.\Left_R0\PICT347.png,12
.\Right_R3\PICT050.png,19
.\Left_R0\PICT321.png,12
.\Top_R0\PICT120.png,20
.\Back_R2\PICT536.png,2
.\Back_R2\PICT493.png,2
.\Left_R0\PICT359.png,12
.\Top_R0\PICT142.png,20
.\Back_R1\PICT611.png,1
.\Back_R0\PICT562.png,0
.\Front_R1\PICT745.png,9
.\Back_R3\PICT534.png,3
.\Front_R0\PICT735.png,8
.\Top_R3\PICT129.png,23
.\Left_R1\PICT321.png,13
.\Left_R2\PICT327.png,14
.\Top_R0\PICT172.png,20
.\Bottom_R1\PICT371.png,5
.\Back_R1\PICT592.png,1
.\Right_R2\PICT051.png,18
.\Right_R0\PICT054.png,16
.\Left_R2\PICT363.png,14
.\Left_R0\PICT315.png,12
.\Right_R3\PICT112.png,19
.\Back_R2\PICT555.png,2
.\Left_R2\PICT360.png,14
.\Back_R3\PICT526.png,3
.\Left_R2\PICT343.png,14
.\Bottom_R1\PICT458.png,5
.\Left_R1\PICT255.png,13
.\Back_R3\PICT503.png,3
.\Left_R2\PICT258.png,14
.\Front_R3\PICT725.png,11
.\Front_R3\PICT619.png,11
.\Top_R1\PICT200.png,21
.\Left_R0\PICT324.png,12
.\Right_R3\PICT020.png,19
.\Top_R3\PICT166.png,23
.\Top_R0\PICT162.png,20
.\Left_R2\PICT244.png,14
.\Left_R3\PICT266.png,15
.\Top_R3\PICT197.png,23
.\Left_R3\PICT284.png,15
.\Bottom_R0\PICT433.png,4
.\Front_R0\PICT660.png,8
.\Right_R3\PICT064.png,19
.\Top_R0\PICT208.png,20
.\Front_R1\PICT715.png,9
.\Right_R2\PICT047.png,18
.\Front_R0\PICT687.png,8
.\Left_R2\PICT287.png,14
.\Right_R3\PICT047.png,19
.\Bottom_R1\PICT387.png,5
.\Right_R0\PICT112.png,16
.\Bottom_R3\PICT474.png,7
.\Front_R0\PICT613.png,8
.\Right_R2\PICT098.png,18
.\Front_R0\PICT696.png,8
.\Back_R2\PICT495.png,2
.\Top_R0\PICT126.png,20
.\Bottom_R1\PICT379.png,5
.\Bottom_R1\PICT384.png,5
.\Top_R3\PICT161.png,23
.\Top_R3\PICT123.png,23
.\Bottom_R1\PICT375.png,5
.\Back_R2\PICT523.png,2
.\Bottom_R2\PICT404.png,6
.\Top_R1\PICT203.png,21
.\Front_R1\PICT655.png,9
.\Back_R1\PICT502.png,1
.\Top_R0\PICT167.png,20
.\Back_R2\PICT485.png,2
.\Left_R1\PICT253.png,13
.\Front_R0\PICT626.png,8
.\Top_R2\PICT162.png,22
.\Bottom_R0\PICT399.png,4
.\Top_R2\PICT196.png,22
.\Bottom_R3\PICT406.png,7
.\Left_R2\PICT263.png,14
.\Top_R3\PICT205.png,23
.\Back_R3\PICT553.png,3
.\Front_R1\PICT731.png,9
.\Back_R0\PICT590.png,0
.\Top_R2\PICT127.png,22
.\Front_R0\PICT640.png,8
.\Top_R2\PICT225.png,22
.\Top_R1\PICT173.png,21
.\Back_R0\PICT559.png,0
.\Top_R1\PICT124.png,21
.\Right_R1\PICT089.png,17
.\Right_R0\PICT085.png,16
.\Bottom_R0\PICT447.png,4
.\Top_R1\PICT138.png,21
.\Back_R3\PICT610.png,3
.\Top_R1\PICT139.png,21
.\Left_R0\PICT364.png,12
.\Left_R0\PICT352.png,12
.\Right_R3\PICT092.png,19
.\Top_R2\PICT217.png,22
.\Top_R2\PICT184.png,22
.\Left_R0\PICT272.png,12
.\Top_R1\PICT132.png,21
.\Front_R3\PICT730.png,11
.\Left_R3\PICT311.png,15
.\Bottom_R1\PICT398.png,5
.\Bottom_R3\PICT382.png,7
.\Front_R3\PICT733.png,11
.\Back_R1\PICT551.png,1
.\Right_R0\PICT105.png,16
.\Right_R1\PICT023.png,17
.\Front_R2\PICT678.png,10
.\Left_R1\PICT362.png,13
.\Back_R0\PICT538.png,0
.\Right_R1\PICT067.png,17
.\Back_R3\PICT565.png,3
.\Front_R1\PICT651.png,9
.\Front_R0\PICT653.png,8
.\Front_R3\PICT640.png,11
.\Front_R2\PICT723.png,10
.\Left_R2\PICT280.png,14
.\Bottom_R1\PICT460.png,5
.\Back_R1\PICT571.png,1
.\Top_R0\PICT165.png,20
.\Left_R0\PICT270.png,12
.\Back_R1\PICT521.png,1
.\Left_R1\PICT287.png,13
.\Left_R1\PICT317.png,13
.\Left_R3\PICT326.png,15
.\Bottom_R3\PICT379.png,7
.\Top_R1\PICT228.png,21
.\Back_R3\PICT612.png,3
.\Bottom_R3\PICT394.png,7
.\Left_R0\PICT282.png,12
.\Right_R0\PICT017.png,16
.\Left_R2\PICT309.png,14
.\Front_R2\PICT741.png,10
.\Top_R1\PICT131.png,21
.\Bottom_R1\PICT455.png,5
.\Bottom_R2\PICT384.png,6
.\Top_R3\PICT136.png,23
.\Right_R1\PICT027.png,17
.\Front_R2\PICT745.png,10
.\Back_R1\PICT574.png,1
.\Bottom_R0\PICT458.png,4
.\Top_R1\PICT157.png,21
.\Bottom_R2\PICT432.png,6
.\Top_R2\PICT173.png,22
.\Front_R3\PICT667.png,11
.\Left_R1\PICT265.png,13
.\Front_R1\PICT663.png,9
.\Left_R0\PICT317.png,12
.\Back_R3\PICT500.png,3
.\Right_R2\PICT052.png,18
.\Bottom_R0\PICT435.png,4
.\Top_R0\PICT186.png,20
.\Front_R3\PICT702.png,11
.\Front_R1\PICT652.png,9
.\Front_R2\PICT694.png,10
.\Top_R0\PICT132.png,20
.\Top_R1\PICT196.png,21
.\Left_R2\PICT338.png,14
.\Left_R2\PICT316.png,14
.\Top_R2\PICT197.png,22
.\Bottom_R0\PICT426.png,4
.\Left_R1\PICT336.png,13
.\Top_R3\PICT148.png,23
.\Front_R0\PICT657.png,8
.\Right_R1\PICT064.png,17
.\Bottom_R0\PICT477.png,4
.\Back_R3\PICT532.png,3
.\Back_R2\PICT545.png,2
.\Bottom_R0\PICT449.png,4
.\Front_R1\PICT728.png,9
.\Left_R2\PICT252.png,14
.\Right_R2\PICT063.png,18
.\Front_R1\PICT677.png,9
.\Top_R1\PICT152.png,21
.\Front_R2\PICT699.png,10
.\Back_R1\PICT591.png,1
.\Top_R3\PICT228.png,23
.\Left_R1\PICT261.png,13
.\Top_R3\PICT184.png,23
.\Left_R0\PICT262.png,12
.\Bottom_R1\PICT394.png,5
.\Front_R0\PICT674.png,8
.\Top_R2\PICT229.png,22
.\Right_R3\PICT080.png,19
.\Left_R1\PICT348.png,13
.\Front_R3\PICT714.png,11
.\Front_R2\PICT679.png,10
.\Front_R2\PICT659.png,10
.\Front_R0\PICT724.png,8
.\Front_R3\PICT637.png,11
.\Bottom_R0\PICT453.png,4
.\Bottom_R0\PICT385.png,4
.\Back_R3\PICT579.png,3
.\Back_R3\PICT594.png,3
.\Back_R1\PICT555.png,1
.\Back_R1\PICT503.png,1
.\Bottom_R1\PICT428.png,5
.\Right_R1\PICT107.png,17
.\Top_R2\PICT175.png,22
.\Bottom_R3\PICT455.png,7
.\Left_R3\PICT275.png,15
.\Bottom_R1\PICT420.png,5
.\Back_R0\PICT604.png,0
.\Top_R3\PICT196.png,23
.\Back_R2\PICT570.png,2
.\Left_R3\PICT343.png,15
.\Front_R0\PICT616.png,8
.\Back_R3\PICT557.png,3
.\Back_R0\PICT592.png,0
.\Bottom_R3\PICT432.png,7
.\Top_R0\PICT123.png,20
.\Top_R0\PICT146.png,20
.\Top_R1\PICT230.png,21
.\Bottom_R3\PICT384.png,7
.\Front_R0\PICT714.png,8
.\Back_R1\PICT578.png,1
.\Top_R2\PICT182.png,22
.\Back_R0\PICT543.png,0
.\Front_R1\PICT727.png,9
.\Front_R0\PICT703.png,8
.\Bottom_R2\PICT373.png,6
.\Right_R2\PICT011.png,18
.\Top_R3\PICT212.png,23
.\Front_R3\PICT658.png,11
.\Left_R0\PICT319.png,12
.\Bottom_R1\PICT461.png,5
.\Front_R0\PICT716.png,8
.\Left_R0\PICT363.png,12
.\Front_R0\PICT662.png,8
.\Bottom_R1\PICT396.png,5
.\Left_R0\PICT303.png,12
.\Right_R2\PICT085.png,18
.\Front_R2\PICT682.png,10
.\Bottom_R3\PICT399.png,7
.\Front_R2\PICT727.png,10
.\Right_R0\PICT103.png,16
.\Front_R1\PICT738.png,9
.\Front_R1\PICT634.png,9
.\Bottom_R3\PICT450.png,7
.\Front_R2\PICT722.png,10
.\Left_R3\PICT292.png,15
.\Bottom_R0\PICT388.png,4
.\Back_R3\PICT489.png,3
.\Bottom_R1\PICT457.png,5
.\Top_R2\PICT133.png,22
.\Right_R2\PICT062.png,18
.\Top_R0\PICT145.png,20
.\Top_R3\PICT158.png,23
.\Back_R0\PICT481.png,0
.\Right_R3\PICT063.png,19
.\Bottom_R1\PICT408.png,5
.\Front_R0\PICT725.png,8
.\Front_R3\PICT735.png,11
.\Bottom_R3\PICT413.png,7
.\Left_R3\PICT306.png,15
.\Bottom_R3\PICT375.png,7
.\Front_R2\PICT683.png,10
.\Front_R2\PICT737.png,10
.\Right_R1\PICT086.png,17
.\Front_R0\PICT677.png,8
.\Left_R0\PICT269.png,12
.\Bottom_R1\PICT401.png,5
.\Front_R3\PICT694.png,11
.\Left_R3\PICT333.png,15
.\Front_R1\PICT615.png,9
.\Left_R0\PICT256.png,12
.\Right_R0\PICT050.png,16
.\Back_R1\PICT570.png,1
.\Bottom_R2\PICT368.png,6
.\Top_R0\PICT177.png,20
.\Front_R0\PICT622.png,8
.\Front_R3\PICT614.png,11
.\Left_R2\PICT294.png,14
.\Back_R1\PICT573.png,1
.\Right_R1\PICT085.png,17
.\Top_R1\PICT146.png,21
.\Back_R2\PICT604.png,2
.\Front_R1\PICT701.png,9
.\Right_R2\PICT043.png,18
.\Right_R0\PICT104.png,16
.\Front_R2\PICT728.png,10
.\Left_R3\PICT321.png,15
.\Top_R1\PICT222.png,21
.\Back_R1\PICT581.png,1
.\Left_R0\PICT318.png,12
.\Top_R0\PICT227.png,20
.\Bottom_R2\PICT464.png,6
.\Left_R1\PICT244.png,13
.\Back_R3\PICT539.png,3
.\Top_R0\PICT224.png,20
.\Right_R1\PICT073.png,17
.\Top_R2\PICT228.png,22
.\Left_R0\PICT310.png,12
.\Left_R3\PICT281.png,15
.\Right_R2\PICT071.png,18
.\Right_R2\PICT105.png,18
.\Top_R2\PICT215.png,22
.\Back_R0\PICT606.png,0
.\Bottom_R1\PICT381.png,5
.\Bottom_R1\PICT407.png,5
.\Front_R0\PICT717.png,8
.\Front_R3\PICT688.png,11
.\Back_R0\PICT532.png,0
.\Left_R1\PICT339.png,13
.\Front_R3\PICT717.png,11
.\Left_R3\PICT366.png,15
.\Right_R2\PICT073.png,18
.\Right_R1\PICT066.png,17
.\Back_R0\PICT546.png,0
.\Right_R3\PICT042.png,19
.\Front_R1\PICT673.png,9
.\Right_R2\PICT082.png,18
.\Back_R2\PICT557.png,2
.\Top_R0\PICT141.png,20
.\Left_R1\PICT249.png,13
.\Left_R1\PICT292.png,13
.\Left_R2\PICT314.png,14
.\Front_R0\PICT693.png,8
.\Top_R2\PICT145.png,22
.\Bottom_R3\PICT462.png,7
.\Bottom_R3\PICT401.png,7
.\Front_R2\PICT657.png,10
.\Bottom_R3\PICT369.png,7
.\Back_R2\PICT514.png,2
.\Top_R0\PICT184.png,20
.\Left_R1\PICT341.png,13
.\Bottom_R1\PICT415.png,5
.\Right_R3\PICT031.png,19
.\Bottom_R0\PICT463.png,4
.\Right_R2\PICT092.png,18
.\Right_R0\PICT077.png,16
.\Left_R2\PICT364.png,14
.\Left_R0\PICT311.png,12
.\Right_R2\PICT050.png,18
.\Bottom_R1\PICT436.png,5
.\Back_R3\PICT551.png,3
.\Top_R1\PICT162.png,21
.\Back_R0\PICT480.png,0
.\Bottom_R3\PICT476.png,7
.\Front_R3\PICT704.png,11
.\Top_R1\PICT213.png,21
.\Front_R2\PICT643.png,10
.\Front_R2\PICT668.png,10
.\Front_R3\PICT685.png,11
.\Top_R0\PICT128.png,20
.\Front_R0\PICT617.png,8
.\Bottom_R1\PICT465.png,5
.\Right_R1\PICT026.png,17
.\Back_R2\PICT515.png,2
.\Top_R0\PICT179.png,20
.\Right_R3\PICT070.png,19
.\Left_R0\PICT293.png,12
.\Left_R0\PICT249.png,12
.\Right_R1\PICT117.png,17
.\Bottom_R0\PICT414.png,4
.\Top_R3\PICT187.png,23
.\Front_R1\PICT723.png,9
.\Back_R3\PICT531.png,3
.\Top_R1\PICT219.png,21
.\Back_R3\PICT524.png,3
.\Back_R3\PICT585.png,3
.\Top_R1\PICT135.png,21
.\Left_R1\PICT295.png,13
.\Top_R1\PICT227.png,21
.\Left_R2\PICT356.png,14
.\Right_R0\PICT072.png,16
.\Back_R2\PICT564.png,2
.\Back_R3\PICT536.png,3
.\Left_R2\PICT336.png,14
.\Back_R1\PICT496.png,1
.\Left_R3\PICT365.png,15
.\Back_R0\PICT516.png,0
.\Left_R2\PICT352.png,14
.\Left_R3\PICT310.png,15
.\Front_R0\PICT726.png,8
.\Back_R2\PICT528.png,2
.\Left_R1\PICT248.png,13
.\Front_R1\PICT716.png,9
.\Right_R3\PICT011.png,19
.\Right_R2\PICT037.png,18
.\Top_R2\PICT193.png,22
.\Back_R0\PICT601.png,0
.\Top_R2\PICT241.png,22
.\Back_R3\PICT492.png,3
.\Top_R3\PICT190.png,23
.\Back_R2\PICT537.png,2
.\Left_R2\PICT359.png,14
.\Right_R3\PICT043.png,19
.\Top_R3\PICT155.png,23
.\Top_R0\PICT119.png,20
.\Front_R3\PICT676.png,11
.\Front_R1\PICT709.png,9
.\Right_R2\PICT054.png,18
.\Front_R2\PICT625.png,10
.\Front_R0\PICT641.png,8
.\Bottom_R3\PICT433.png,7
.\Left_R0\PICT277.png,12
.\Front_R3\PICT726.png,11
.\Top_R3\PICT236.png,23
.\Front_R1\PICT641.png,9
.\Right_R0\PICT069.png,16
.\Bottom_R0\PICT410.png,4
.\Top_R3\PICT175.png,23
.\Front_R0\PICT694.png,8
.\Front_R2\PICT716.png,10
.\Left_R3\PICT279.png,15
.\Back_R3\PICT481.png,3
.\Front_R1\PICT671.png,9
.\Back_R1\PICT585.png,1
.\Right_R2\PICT114.png,18
.\Top_R2\PICT239.png,22
.\Back_R3\PICT521.png,3
.\Back_R0\PICT588.png,0
.\Top_R1\PICT161.png,21
.\Back_R2\PICT539.png,2
.\Front_R2\PICT714.png,10
.\Right_R2\PICT072.png,18
.\Back_R2\PICT483.png,2
.\Bottom_R3\PICT385.png,7
.\Back_R1\PICT490.png,1
.\Front_R0\PICT684.png,8
.\Back_R2\PICT501.png,2
.\Left_R3\PICT288.png,15
.\Top_R2\PICT203.png,22
.\Right_R3\PICT028.png,19
.\Left_R3\PICT244.png,15
.\Right_R2\PICT059.png,18
.\Front_R0\PICT743.png,8
.\Back_R3\PICT562.png,3
.\Left_R0\PICT288.png,12
.\Top_R1\PICT206.png,21
.\Back_R2\PICT556.png,2
.\Back_R3\PICT599.png,3
.\Right_R2\PICT017.png,18
.\Back_R2\PICT510.png,2
.\Back_R3\PICT611.png,3
.\Left_R2\PICT341.png,14
.\Left_R2\PICT291.png,14
.\Back_R0\PICT576.png,0
.\Left_R1\PICT329.png,13
.\Top_R3\PICT241.png,23
.\Left_R0\PICT325.png,12
.\Top_R0\PICT206.png,20
.\Front_R0\PICT728.png,8
.\Top_R0\PICT205.png,20
.\Right_R2\PICT035.png,18
.\Back_R1\PICT596.png,1
.\Bottom_R0\PICT389.png,4
.\Bottom_R2\PICT407.png,6
.\Bottom_R2\PICT461.png,6
.\Right_R3\PICT044.png,19
.\Back_R3\PICT516.png,3
.\Left_R1\PICT256.png,13
.\Front_R3\PICT715.png,11
.\Left_R2\PICT328.png,14
.\Left_R3\PICT294.png,15
.\Back_R2\PICT542.png,2
.\Top_R3\PICT204.png,23
.\Front_R1\PICT632.png,9
.\Front_R2\PICT670.png,10
.\Left_R0\PICT312.png,12
.\Back_R3\PICT555.png,3
.\Back_R0\PICT591.png,0
.\Left_R3\PICT359.png,15
.\Front_R3\PICT698.png,11
.\Right_R3\PICT060.png,19
.\Front_R0\PICT711.png,8
.\Front_R1\PICT696.png,9
.\Front_R2\PICT622.png,10
.\Back_R2\PICT599.png,2
.\Bottom_R0\PICT460.png,4
.\Bottom_R3\PICT391.png,7
.\Front_R1\PICT733.png,9
.\Right_R0\PICT062.png,16
.\Back_R2\PICT513.png,2
.\Back_R2\PICT558.png,2
.\Front_R2\PICT743.png,10
.\Bottom_R3\PICT420.png,7
.\Front_R3\PICT633.png,11
.\Front_R0\PICT643.png,8
.\Top_R3\PICT139.png,23
.\Top_R1\PICT154.png,21
.\Back_R1\PICT594.png,1
.\Top_R2\PICT205.png,22
.\Back_R2\PICT606.png,2
.\Left_R0\PICT358.png,12
.\Bottom_R3\PICT414.png,7
.\Right_R0\PICT032.png,16
.\Bottom_R0\PICT429.png,4
.\Top_R2\PICT129.png,22
.\Front_R1\PICT670.png,9
.\Back_R1\PICT545.png,1
.\Bottom_R3\PICT374.png,7
.\Back_R0\PICT611.png,0
.\Top_R0\PICT218.png,20
.\Back_R3\PICT484.png,3
.\Right_R1\PICT098.png,17
.\Top_R1\PICT172.png,21
.\Front_R3\PICT732.png,11
.\Top_R3\PICT154.png,23
.\Right_R1\PICT053.png,17
.\Top_R1\PICT221.png,21
.\Left_R0\PICT329.png,12
.\Left_R1\PICT330.png,13
.\Front_R0\PICT636.png,8
.\Bottom_R0\PICT376.png,4
.\Right_R0\PICT034.png,16
.\Front_R1\PICT692.png,9
.\Bottom_R3\PICT368.png,7
.\Front_R3\PICT673.png,11
.\Front_R1\PICT624.png,9
.\Back_R2\PICT589.png,2
.\Top_R2\PICT209.png,22
.\Left_R1\PICT313.png,13
.\Left_R0\PICT276.png,12
.\Left_R0\PICT323.png,12
.\Left_R0\PICT299.png,12
.\Front_R0\PICT620.png,8
.\Back_R2\PICT490.png,2
.\Left_R2\PICT282.png,14
.\Bottom_R2\PICT441.png,6
.\Right_R3\PICT022.png,19
.\Front_R0\PICT631.png,8
.\Front_R1\PICT676.png,9
.\Left_R0\PICT254.png,12
.\Back_R2\PICT480.png,2
.\Bottom_R3\PICT407.png,7
.\Back_R3\PICT583.png,3
.\Bottom_R3\PICT471.png,7
.\Right_R1\PICT063.png,17
.\Right_R0\PICT083.png,16
.\Left_R3\PICT287.png,15
.\Right_R1\PICT029.png,17
.\Top_R1\PICT191.png,21
.\Front_R0\PICT712.png,8
.\Back_R2\PICT541.png,2
.\Top_R2\PICT201.png,22
.\Bottom_R0\PICT368.png,4
.\Top_R0\PICT211.png,20
.\Front_R2\PICT726.png,10
.\Front_R1\PICT620.png,9
.\Left_R2\PICT277.png,14
.\Front_R2\PICT645.png,10
.\Back_R0\PICT507.png,0
.\Right_R1\PICT017.png,17
.\Top_R2\PICT152.png,22
.\Bottom_R0\PICT405.png,4
.\Right_R3\PICT038.png,19
.\Front_R3\PICT636.png,11
.\Top_R0\PICT161.png,20
.\Right_R2\PICT112.png,18
.\Left_R1\PICT246.png,13
.\Bottom_R2\PICT424.png,6
.\Top_R2\PICT125.png,22
.\Right_R3\PICT071.png,19
.\Bottom_R2\PICT410.png,6
.\Top_R3\PICT178.png,23
.\Right_R0\PICT059.png,16
.\Bottom_R2\PICT401.png,6
.\Top_R1\PICT128.png,21
.\Back_R0\PICT502.png,0
.\Back_R1\PICT606.png,1
.\Front_R2\PICT712.png,10
.\Top_R2\PICT120.png,22
.\Top_R1\PICT159.png,21
.\Right_R2\PICT088.png,18
.\Front_R1\PICT700.png,9
.\Front_R0\PICT727.png,8
.\Right_R2\PICT033.png,18
.\Left_R0\PICT308.png,12
.\Bottom_R0\PICT469.png,4
.\Right_R3\PICT057.png,19
.\Top_R3\PICT192.png,23
.\Top_R3\PICT195.png,23
.\Top_R1\PICT236.png,21
.\Back_R3\PICT571.png,3
.\Bottom_R1\PICT411.png,5
.\Right_R2\PICT040.png,18
.\Front_R2\PICT633.png,10
.\Top_R2\PICT240.png,22
.\Bottom_R3\PICT475.png,7
.\Left_R1\PICT300.png,13
.\Front_R0\PICT666.png,8
.\Bottom_R1\PICT479.png,5
.\Right_R2\PICT039.png,18
.\Right_R3\PICT024.png,19
.\Back_R1\PICT514.png,1
.\Right_R0\PICT089.png,16
.\Bottom_R2\PICT418.png,6
.\Right_R0\PICT018.png,16
.\Left_R0\PICT337.png,12
.\Bottom_R2\PICT403.png,6
.\Left_R2\PICT254.png,14
.\Front_R3\PICT617.png,11
.\Front_R2\PICT619.png,10
.\Bottom_R1\PICT378.png,5
.\Top_R2\PICT194.png,22
.\Front_R3\PICT701.png,11
.\Top_R2\PICT178.png,22
.\Right_R2\PICT117.png,18
.\Back_R2\PICT506.png,2
.\Back_R2\PICT489.png,2
.\Back_R2\PICT502.png,2
.\Top_R2\PICT223.png,22
.\Top_R1\PICT207.png,21
.\Top_R3\PICT209.png,23
.\Back_R1\PICT552.png,1
.\Bottom_R2\PICT447.png,6
.\Back_R0\PICT594.png,0
.\Left_R2\PICT326.png,14
.\Top_R0\PICT170.png,20
.\Back_R1\PICT564.png,1
.\Bottom_R2\PICT380.png,6
.\Right_R2\PICT029.png,18
.\Bottom_R1\PICT464.png,5
.\Bottom_R1\PICT443.png,5
.\Bottom_R1\PICT391.png,5
.\Top_R1\PICT217.png,21
.\Top_R0\PICT183.png,20
.\Top_R0\PICT157.png,20
.\Back_R2\PICT586.png,2
.\Bottom_R1\PICT439.png,5
.\Bottom_R2\PICT450.png,6
.\Front_R2\PICT623.png,10
.\Left_R3\PICT263.png,15
.\Back_R2\PICT488.png,2
.\Left_R1\PICT262.png,13
.\Back_R3\PICT570.png,3
.\Back_R1\PICT567.png,1
.\Bottom_R3\PICT423.png,7
.\Left_R1\PICT316.png,13
.\Bottom_R1\PICT427.png,5
.\Back_R3\PICT496.png,3
.\Front_R3\PICT729.png,11
.\Bottom_R2\PICT448.png,6
.\Left_R1\PICT275.png,13
.\Left_R2\PICT264.png,14
.\Back_R0\PICT557.png,0
.\Front_R3\PICT693.png,11
.\Front_R3\PICT627.png,11
.\Front_R3\PICT649.png,11
.\Left_R2\PICT245.png,14
.\Back_R1\PICT504.png,1
.\Right_R0\PICT011.png,16
.\Left_R3\PICT273.png,15
.\Front_R0\PICT731.png,8
.\Right_R2\PICT048.png,18
.\Bottom_R0\PICT431.png,4
.\Left_R2\PICT358.png,14
.\Front_R2\PICT698.png,10
.\Bottom_R2\PICT400.png,6
.\Top_R3\PICT146.png,23
.\Back_R2\PICT511.png,2
.\Top_R1\PICT180.png,21
.\Top_R2\PICT143.png,22
.\Right_R3\PICT100.png,19
.\Bottom_R1\PICT448.png,5
.\Back_R1\PICT560.png,1
.\Bottom_R2\PICT459.png,6
.\Front_R0\PICT637.png,8
.\Back_R2\PICT484.png,2
.\Back_R2\PICT611.png,2
.\Front_R2\PICT688.png,10
.\Back_R1\PICT509.png,1
.\Top_R3\PICT233.png,23
.\Top_R3\PICT202.png,23
.\Bottom_R2\PICT443.png,6
.\Left_R1\PICT319.png,13
.\Right_R1\PICT054.png,17
.\Right_R1\PICT104.png,17
.\Left_R2\PICT334.png,14
.\Front_R1\PICT693.png,9
.\Front_R2\PICT706.png,10
.\Right_R2\PICT053.png,18
.\Back_R2\PICT505.png,2
.\Bottom_R0\PICT444.png,4
.\Back_R2\PICT526.png,2
.\Bottom_R1\PICT392.png,5
.\Left_R3\PICT308.png,15
.\Bottom_R0\PICT379.png,4
.\Bottom_R0\PICT387.png,4
.\Back_R3\PICT545.png,3
.\Front_R0\PICT625.png,8
.\Right_R3\PICT059.png,19
.\Left_R0\PICT336.png,12
.\Top_R1\PICT211.png,21
.\Front_R1\PICT659.png,9
.\Bottom_R2\PICT454.png,6
.\Bottom_R2\PICT433.png,6
.\Right_R1\PICT075.png,17
.\Front_R1\PICT664.png,9
.\Back_R2\PICT529.png,2
.\Top_R2\PICT174.png,22
.\Top_R0\PICT160.png,20
.\Back_R1\PICT568.png,1
.\Left_R3\PICT331.png,15
.\Front_R0\PICT630.png,8
.\Top_R1\PICT136.png,21
.\Bottom_R1\PICT452.png,5
.\Left_R0\PICT297.png,12
.\Right_R3\PICT048.png,19
.\Front_R2\PICT614.png,10
.\Back_R1\PICT601.png,1
.\Right_R3\PICT110.png,19
.\Back_R0\PICT519.png,0
.\Back_R0\PICT501.png,0
.\Left_R3\PICT299.png,15
.\Front_R0\PICT688.png,8
.\Front_R1\PICT675.png,9
.\Front_R0\PICT650.png,8
.\Right_R1\PICT084.png,17
.\Right_R0\PICT108.png,16
.\Back_R0\PICT577.png,0
.\Bottom_R0\PICT452.png,4
.\Bottom_R2\PICT426.png,6
.\Bottom_R2\PICT458.png,6
.\Bottom_R2\PICT427.png,6
.\Top_R3\PICT214.png,23
.\Back_R3\PICT554.png,3
.\Bottom_R0\PICT478.png,4
.\Bottom_R0\PICT464.png,4
.\Right_R3\PICT054.png,19
.\Top_R3\PICT216.png,23
.\Top_R3\PICT198.png,23
.\Back_R1\PICT583.png,1
.\Back_R2\PICT571.png,2
.\Top_R1\PICT192.png,21
.\Right_R1\PICT103.png,17
.\Top_R1\PICT176.png,21
.\Left_R3\PICT274.png,15
.\Top_R2\PICT158.png,22
.\Back_R2\PICT600.png,2
.\Back_R3\PICT480.png,3
.\Left_R1\PICT250.png,13
.\Back_R0\PICT573.png,0
.\Top_R1\PICT126.png,21
.\Back_R3\PICT587.png,3
.\Left_R0\PICT350.png,12
.\Left_R3\PICT356.png,15
.\Left_R3\PICT253.png,15
.\Left_R1\PICT303.png,13
.\Front_R0\PICT623.png,8
.\Top_R1\PICT199.png,21
.\Right_R2\PICT115.png,18
.\Top_R2\PICT131.png,22
.\Bottom_R0\PICT456.png,4
.\Front_R2\PICT705.png,10
.\Back_R2\PICT508.png,2
.\Bottom_R3\PICT466.png,7
.\Top_R0\PICT182.png,20
.\Back_R3\PICT537.png,3
.\Right_R0\PICT027.png,16
.\Bottom_R0\PICT419.png,4
.\Left_R3\PICT254.png,15
.\Back_R2\PICT562.png,2
.\Bottom_R2\PICT423.png,6
.\Left_R0\PICT306.png,12
.\Right_R2\PICT068.png,18
.\Right_R1\PICT099.png,17
.\Back_R1\PICT559.png,1
.\Bottom_R3\PICT371.png,7
.\Back_R3\PICT581.png,3
.\Right_R2\PICT111.png,18
.\Top_R0\PICT221.png,20
.\Front_R0\PICT679.png,8
.\Back_R3\PICT595.png,3
.\Bottom_R3\PICT400.png,7
.\Top_R0\PICT153.png,20
.\Back_R3\PICT493.png,3
.\Front_R2\PICT620.png,10
.\Top_R3\PICT206.png,23
.\Bottom_R3\PICT383.png,7
.\Left_R3\PICT264.png,15
.\Bottom_R1\PICT432.png,5
.\Bottom_R3\PICT405.png,7
.\Bottom_R1\PICT468.png,5
.\Front_R0\PICT695.png,8
.\Front_R0\PICT619.png,8
.\Front_R3\PICT634.png,11
.\Top_R2\PICT132.png,22
.\Back_R1\PICT483.png,1
.\Left_R1\PICT267.png,13
.\Left_R0\PICT257.png,12
.\Bottom_R1\PICT441.png,5
.\Left_R2\PICT261.png,14
.\Top_R0\PICT155.png,20
.\Right_R2\PICT116.png,18
.\Front_R1\PICT694.png,9
.\Top_R2\PICT187.png,22
.\Bottom_R0\PICT397.png,4
.\Front_R1\PICT622.png,9
.\Front_R2\PICT686.png,10
.\Front_R1\PICT625.png,9
.\Top_R2\PICT165.png,22
.\Back_R2\PICT569.png,2
.\Front_R1\PICT640.png,9
.\Front_R0\PICT708.png,8
.\Right_R2\PICT065.png,18
.\Front_R0\PICT675.png,8
.\Top_R2\PICT161.png,22
.\Left_R1\PICT327.png,13
.\Back_R0\PICT609.png,0
.\Front_R3\PICT665.png,11
.\Left_R0\PICT316.png,12
.\Bottom_R0\PICT439.png,4
.\Bottom_R2\PICT415.png,6
.\Back_R0\PICT581.png,0
.\Right_R1\PICT028.png,17
.\Back_R3\PICT601.png,3
.\Front_R3\PICT657.png,11
.\Top_R3\PICT138.png,23
.\Left_R0\PICT314.png,12
.\Front_R0\PICT634.png,8
.\Top_R0\PICT156.png,20
.\Bottom_R1\PICT413.png,5
.\Front_R3\PICT742.png,11
.\Right_R3\PICT013.png,19
.\Right_R1\PICT091.png,17
.\Right_R3\PICT103.png,19
.\Left_R2\PICT300.png,14
.\Bottom_R1\PICT404.png,5
.\Front_R2\PICT642.png,10
.\Top_R3\PICT188.png,23
.\Top_R0\PICT173.png,20
.\Right_R0\PICT047.png,16
.\Front_R2\PICT676.png,10
.\Bottom_R2\PICT439.png,6
.\Front_R1\PICT628.png,9
.\Right_R2\PICT070.png,18
.\Front_R1\PICT637.png,9
.\Right_R2\PICT093.png,18
.\Back_R2\PICT547.png,2
.\Right_R0\PICT055.png,16
.\Left_R3\PICT262.png,15
.\Left_R2\PICT329.png,14
.\Top_R3\PICT124.png,23
.\Front_R3\PICT707.png,11
.\Front_R2\PICT725.png,10
.\Bottom_R0\PICT411.png,4
.\Right_R0\PICT052.png,16
.\Left_R2\PICT271.png,14
.\Left_R2\PICT340.png,14
.\Right_R0\PICT035.png,16
.\Back_R3\PICT550.png,3
.\Front_R0\PICT664.png,8
.\Top_R1\PICT140.png,21
.\Top_R0\PICT130.png,20
.\Right_R2\PICT067.png,18
.\Back_R0\PICT599.png,0
.\Back_R1\PICT595.png,1
.\Back_R3\PICT552.png,3
.\Bottom_R2\PICT390.png,6
.\Front_R3\PICT738.png,11
.\Top_R3\PICT176.png,23
.\Right_R3\PICT035.png,19
.\Back_R0\PICT595.png,0
.\Back_R1\PICT542.png,1
.\Right_R0\PICT036.png,16
.\Back_R0\PICT504.png,0
.\Right_R2\PICT080.png,18
.\Bottom_R0\PICT446.png,4
.\Back_R1\PICT519.png,1
.\Top_R1\PICT158.png,21
.\Left_R1\PICT331.png,13
.\Left_R2\PICT349.png,14
.\Right_R0\PICT039.png,16
.\Top_R0\PICT127.png,20
.\Front_R0\PICT705.png,8
.\Left_R2\PICT269.png,14
.\Front_R2\PICT734.png,10
.\Front_R2\PICT744.png,10
.\Left_R3\PICT348.png,15
.\Bottom_R3\PICT463.png,7
.\Back_R3\PICT501.png,3
.\Back_R0\PICT589.png,0
.\Top_R3\PICT211.png,23
.\Back_R2\PICT497.png,2
.\Top_R1\PICT145.png,21
.\Right_R0\PICT107.png,16
.\Left_R2\PICT248.png,14
.\Bottom_R3\PICT390.png,7
.\Left_R3\PICT305.png,15
.\Right_R0\PICT049.png,16
.\Back_R0\PICT493.png,0
.\Back_R0\PICT580.png,0
.\Bottom_R1\PICT447.png,5
.\Back_R2\PICT532.png,2
.\Right_R2\PICT090.png,18
.\Front_R3\PICT727.png,11
.\Left_R0\PICT309.png,12
.\Front_R1\PICT617.png,9
.\Top_R0\PICT174.png,20
.\Bottom_R1\PICT435.png,5
.\Left_R3\PICT269.png,15
.\Top_R1\PICT167.png,21
.\Left_R0\PICT360.png,12
.\Bottom_R3\PICT446.png,7
.\Bottom_R3\PICT435.png,7
.\Left_R2\PICT299.png,14
.\Top_R3\PICT203.png,23
.\Top_R0\PICT197.png,20
.\Back_R1\PICT492.png,1
.\Bottom_R0\PICT427.png,4
.\Right_R0\PICT073.png,16
.\Bottom_R3\PICT456.png,7
.\Back_R3\PICT525.png,3
.\Front_R3\PICT681.png,11
.\Top_R0\PICT124.png,20
.\Top_R0\PICT134.png,20
.\Back_R1\PICT603.png,1
.\Back_R1\PICT487.png,1
.\Front_R1\PICT636.png,9
.\Front_R3\PICT624.png,11
.\Left_R3\PICT270.png,15
.\Right_R3\PICT026.png,19
.\Bottom_R0\PICT420.png,4
.\Top_R3\PICT180.png,23
.\Back_R3\PICT574.png,3
.\Left_R2\PICT322.png,14
.\Right_R2\PICT027.png,18
.\Front_R2\PICT704.png,10
.\Top_R2\PICT192.png,22
.\Front_R2\PICT616.png,10
.\Right_R2\PICT075.png,18
.\Top_R2\PICT138.png,22
.\Left_R0\PICT333.png,12
.\Front_R1\PICT638.png,9
.\Bottom_R2\PICT431.png,6
.\Front_R1\PICT631.png,9
.\Front_R0\PICT651.png,8
.\Bottom_R1\PICT418.png,5
.\Front_R2\PICT650.png,10
.\Right_R3\PICT111.png,19
.\Right_R1\PICT074.png,17
.\Front_R3\PICT741.png,11
.\Left_R2\PICT354.png,14
.\Back_R3\PICT596.png,3
.\Top_R2\PICT164.png,22
.\Front_R3\PICT613.png,11
.\Left_R3\PICT283.png,15
.\Bottom_R0\PICT401.png,4
.\Right_R2\PICT069.png,18
.\Front_R3\PICT721.png,11
.\Right_R1\PICT108.png,17
.\Front_R1\PICT703.png,9
.\Right_R1\PICT021.png,17
.\Right_R1\PICT052.png,17
.\Right_R1\PICT015.png,17
.\Bottom_R0\PICT470.png,4
.\Left_R1\PICT279.png,13
.\Left_R1\PICT273.png,13
.\Top_R3\PICT153.png,23
.\Top_R3\PICT220.png,23
.\Bottom_R2\PICT479.png,6
.\Back_R1\PICT558.png,1
.\Front_R1\PICT679.png,9
.\Top_R2\PICT156.png,22
.\Front_R3\PICT708.png,11
.\Left_R1\PICT345.png,13
.\Bottom_R3\PICT438.png,7
.\Right_R3\PICT036.png,19
.\Front_R3\PICT635.png,11
.\Back_R1\PICT563.png,1
.\Front_R2\PICT617.png,10
.\Left_R1\PICT297.png,13
.\Left_R3\PICT347.png,15
.\Bottom_R0\PICT450.png,4
.\Front_R2\PICT635.png,10
.\Front_R1\PICT684.png,9
.\Left_R1\PICT309.png,13
.\Front_R2\PICT671.png,10
.\Bottom_R2\PICT393.png,6
.\Front_R1\PICT633.png,9
.\Back_R1\PICT485.png,1
.\Front_R0\PICT710.png,8
.\Front_R2\PICT669.png,10
.\Left_R1\PICT270.png,13
.\Right_R0\PICT058.png,16
.\Back_R2\PICT582.png,2
.\Back_R2\PICT548.png,2
.\Bottom_R3\PICT393.png,7
.\Front_R2\PICT626.png,10
.\Left_R0\PICT286.png,12
.\Left_R0\PICT304.png,12
.\Front_R0\PICT629.png,8
.\Right_R0\PICT022.png,16
.\Right_R3\PICT109.png,19
.\Front_R3\PICT744.png,11
.\Top_R1\PICT190.png,21
.\Bottom_R2\PICT451.png,6
.\Top_R1\PICT224.png,21
.\Front_R1\PICT635.png,9
.\Bottom_R0\PICT408.png,4
.\Front_R0\PICT719.png,8
.\Front_R2\PICT729.png,10
.\Top_R0\PICT214.png,20
.\Bottom_R0\PICT417.png,4
.\Back_R1\PICT522.png,1
.\Right_R1\PICT095.png,17
.\Back_R3\PICT495.png,3
.\Front_R0\PICT739.png,8
.\Front_R1\PICT721.png,9
.\Bottom_R1\PICT462.png,5
.\Bottom_R3\PICT388.png,7
.\Top_R2\PICT219.png,22
.\Front_R0\PICT691.png,8
.\Top_R2\PICT233.png,22
.\Front_R0\PICT700.png,8
.\Top_R3\PICT156.png,23
.\Left_R3\PICT296.png,15
.\Left_R2\PICT346.png,14
.\Left_R3\PICT291.png,15
.\Top_R1\PICT177.png,21
.\Back_R1\PICT610.png,1
.\Bottom_R3\PICT478.png,7
.\Top_R0\PICT239.png,20
.\Bottom_R0\PICT409.png,4
.\Back_R0\PICT587.png,0
.\Top_R0\PICT216.png,20
.\Top_R3\PICT193.png,23
.\Left_R3\PICT327.png,15
.\Left_R1\PICT360.png,13
.\Back_R0\PICT506.png,0
.\Bottom_R2\PICT474.png,6
.\Left_R1\PICT312.png,13
.\Front_R3\PICT638.png,11
.\Bottom_R3\PICT398.png,7
.\Right_R1\PICT045.png,17
.\Front_R1\PICT666.png,9
.\Back_R3\PICT511.png,3
.\Right_R0\PICT100.png,16
.\Front_R3\PICT615.png,11
.\Front_R3\PICT709.png,11
.\Top_R2\PICT142.png,22
.\Bottom_R2\PICT387.png,6
.\Back_R0\PICT563.png,0
.\Bottom_R2\PICT453.png,6
.\Left_R2\PICT256.png,14
.\Bottom_R2\PICT402.png,6
.\Back_R2\PICT534.png,2
.\Front_R3\PICT666.png,11
.\Back_R3\PICT593.png,3
.\Bottom_R3\PICT441.png,7
.\Bottom_R0\PICT383.png,4
.\Front_R0\PICT614.png,8
.\Left_R3\PICT268.png,15
.\Bottom_R3\PICT411.png,7
.\Back_R3\PICT564.png,3
.\Back_R0\PICT549.png,0
.\Right_R0\PICT041.png,16
.\Right_R0\PICT114.png,16
.\Right_R3\PICT065.png,19
.\Right_R0\PICT056.png,16
.\Bottom_R3\PICT404.png,7
.\Right_R1\PICT081.png,17
.\Back_R2\PICT561.png,2
.\Right_R2\PICT038.png,18
.\Left_R2\PICT335.png,14
.\Top_R3\PICT226.png,23
.\Back_R0\PICT515.png,0
.\Back_R0\PICT536.png,0
.\Bottom_R2\PICT386.png,6
.\Left_R1\PICT280.png,13
.\Right_R3\PICT039.png,19
.\Back_R2\PICT563.png,2
.\Right_R1\PICT041.png,17
.\Top_R2\PICT136.png,22
.\Left_R2\PICT296.png,14
.\Front_R2\PICT718.png,10
.\Bottom_R2\PICT446.png,6
.\Front_R0\PICT722.png,8
.\Right_R0\PICT116.png,16
.\Front_R0\PICT706.png,8
.\Left_R3\PICT357.png,15
.\Top_R3\PICT219.png,23
.\Bottom_R3\PICT396.png,7
.\Bottom_R0\PICT373.png,4
.\Left_R3\PICT303.png,15
.\Front_R1\PICT650.png,9
.\Back_R0\PICT499.png,0
.\Back_R3\PICT576.png,3
.\Back_R0\PICT600.png,0
.\Front_R3\PICT683.png,11
.\Back_R3\PICT597.png,3
.\Bottom_R3\PICT395.png,7
.\Left_R1\PICT289.png,13
.\Front_R1\PICT681.png,9
.\Right_R3\PICT086.png,19
.\Front_R3\PICT650.png,11
.\Back_R3\PICT519.png,3
.\Front_R2\PICT690.png,10
.\Right_R3\PICT025.png,19
.\Back_R1\PICT480.png,1
.\Right_R0\PICT057.png,16
.\Left_R0\PICT271.png,12
.\Right_R3\PICT069.png,19
.\Left_R0\PICT330.png,12
.\Front_R2\PICT652.png,10
.\Front_R1\PICT657.png,9
.\Front_R2\PICT673.png,10
.\Back_R0\PICT558.png,0
.\Top_R0\PICT150.png,20
.\Back_R2\PICT531.png,2
.\Front_R2\PICT648.png,10
.\Top_R1\PICT210.png,21
.\Left_R2\PICT357.png,14
.\Back_R1\PICT604.png,1
.\Top_R2\PICT226.png,22
.\Top_R3\PICT231.png,23
.\Left_R1\PICT322.png,13
.\Left_R0\PICT284.png,12
.\Left_R0\PICT298.png,12
.\Back_R1\PICT540.png,1
.\Top_R3\PICT217.png,23
.\Bottom_R1\PICT424.png,5
.\Left_R0\PICT275.png,12
.\Right_R2\PICT044.png,18
.\Back_R0\PICT524.png,0
.\Bottom_R2\PICT457.png,6
.\Back_R1\PICT565.png,1
.\Right_R3\PICT093.png,19
.\Bottom_R0\PICT466.png,4
.\Top_R2\PICT167.png,22
.\Left_R1\PICT307.png,13
.\Right_R0\PICT068.png,16
.\Left_R0\PICT251.png,12
.\Left_R2\PICT298.png,14
.\Left_R3\PICT304.png,15
.\Right_R3\PICT058.png,19
.\Top_R2\PICT151.png,22
.\Back_R0\PICT486.png,0
.\Top_R3\PICT125.png,23
.\Front_R2\PICT719.png,10
.\Front_R2\PICT684.png,10
.\Back_R1\PICT602.png,1
.\Bottom_R1\PICT376.png,5
.\Back_R2\PICT575.png,2
.\Back_R3\PICT499.png,3
.\Back_R3\PICT502.png,3
.\Top_R1\PICT143.png,21
.\Front_R2\PICT638.png,10
.\Back_R3\PICT607.png,3
.\Back_R0\PICT605.png,0
.\Front_R2\PICT735.png,10
.\Front_R0\PICT655.png,8
.\Front_R1\PICT710.png,9
.\Front_R2\PICT710.png,10
.\Left_R3\PICT250.png,15
.\Top_R1\PICT160.png,21
.\Bottom_R0\PICT404.png,4
.\Left_R1\PICT356.png,13
.\Right_R0\PICT053.png,16
.\Right_R0\PICT012.png,16
.\Back_R1\PICT525.png,1
.\Back_R1\PICT534.png,1
.\Front_R0\PICT648.png,8
.\Bottom_R2\PICT409.png,6
.\Right_R1\PICT042.png,17
.\Back_R1\PICT484.png,1
.\Front_R3\PICT616.png,11
.\Left_R1\PICT264.png,13
.\Top_R1\PICT133.png,21
.\Back_R3\PICT609.png,3
.\Right_R1\PICT055.png,17
.\Back_R1\PICT523.png,1
.\Front_R1\PICT645.png,9
.\Right_R1\PICT115.png,17
.\Top_R1\PICT141.png,21
.\Bottom_R0\PICT451.png,4
.\Right_R2\PICT079.png,18
.\Bottom_R1\PICT409.png,5
.\Back_R1\PICT510.png,1
.\Front_R3\PICT653.png,11
.\Top_R0\PICT122.png,20
.\Back_R0\PICT585.png,0
.\Right_R1\PICT059.png,17
.\Top_R0\PICT178.png,20
.\Bottom_R1\PICT389.png,5
.\Bottom_R3\PICT442.png,7
.\Right_R3\PICT046.png,19
.\Front_R2\PICT724.png,10
.\Back_R0\PICT490.png,0
.\Front_R3\PICT731.png,11
.\Back_R2\PICT584.png,2
.\Back_R0\PICT602.png,0
.\Right_R3\PICT061.png,19
.\Bottom_R1\PICT438.png,5
.\Right_R1\PICT043.png,17
.\Right_R3\PICT023.png,19
.\Right_R3\PICT083.png,19
.\Bottom_R2\PICT430.png,6
.\Bottom_R0\PICT407.png,4
.\Left_R2\PICT251.png,14
.\Back_R2\PICT524.png,2
.\Left_R3\PICT271.png,15
.\Back_R3\PICT510.png,3
.\Back_R0\PICT574.png,0
.\Back_R0\PICT553.png,0
.\Back_R2\PICT549.png,2
.\Back_R2\PICT525.png,2
.\Front_R2\PICT660.png,10
.\Bottom_R1\PICT429.png,5
.\Front_R3\PICT669.png,11
.\Front_R2\PICT656.png,10
.\Left_R3\PICT319.png,15
.\Front_R2\PICT680.png,10
.\Front_R3\PICT648.png,11
.\Left_R0\PICT245.png,12
.\Bottom_R0\PICT380.png,4
.\Back_R0\PICT492.png,0
.\Left_R2\PICT246.png,14
.\Right_R3\PICT074.png,19
.\Front_R3\PICT628.png,11
.\Bottom_R0\PICT416.png,4
.\Back_R2\PICT543.png,2
.\Top_R3\PICT234.png,23
.\Top_R3\PICT189.png,23
.\Front_R2\PICT640.png,10
.\Top_R1\PICT231.png,21
.\Front_R1\PICT619.png,9
.\Front_R2\PICT618.png,10
.\Right_R3\PICT066.png,19
.\Back_R0\PICT544.png,0
.\Top_R0\PICT210.png,20
.\Left_R1\PICT350.png,13
.\Top_R3\PICT207.png,23
.\Bottom_R3\PICT412.png,7
.\Front_R2\PICT681.png,10
.\Top_R3\PICT191.png,23
.\Front_R3\PICT677.png,11
.\Front_R2\PICT701.png,10
.\Back_R3\PICT602.png,3
.\Front_R2\PICT628.png,10
.\Left_R1\PICT352.png,13
.\Back_R3\PICT563.png,3
.\Left_R2\PICT267.png,14
.\Left_R1\PICT347.png,13
.\Left_R3\PICT344.png,15
.\Left_R1\PICT302.png,13
.\Bottom_R0\PICT462.png,4
.\Back_R1\PICT543.png,1
.\Bottom_R3\PICT372.png,7
.\Left_R1\PICT311.png,13
.\Bottom_R3\PICT437.png,7
.\Front_R1\PICT656.png,9
.\Right_R2\PICT104.png,18
.\Bottom_R2\PICT391.png,6
.\Left_R3\PICT352.png,15
.\Left_R1\PICT278.png,13
.\Back_R2\PICT587.png,2
.\Front_R1\PICT722.png,9
.\Top_R0\PICT125.png,20
.\Back_R1\PICT541.png,1
.\Front_R0\PICT713.png,8
.\Left_R3\PICT259.png,15
.\Top_R1\PICT183.png,21
.\Left_R1\PICT366.png,13
.\Right_R1\PICT093.png,17
.\Top_R0\PICT140.png,20
.\Left_R3\PICT300.png,15
.\Left_R1\PICT344.png,13
.\Right_R3\PICT096.png,19
.\Top_R0\PICT199.png,20
.\Top_R3\PICT119.png,23
.\Top_R3\PICT229.png,23
.\Right_R1\PICT088.png,17
.\Right_R3\PICT117.png,19
.\Top_R0\PICT204.png,20
.\Back_R1\PICT590.png,1
.\Left_R3\PICT277.png,15
.\Left_R2\PICT290.png,14
.\Bottom_R0\PICT455.png,4
.\Back_R3\PICT561.png,3
.\Top_R3\PICT157.png,23
.\Right_R0\PICT093.png,16
.\Back_R1\PICT495.png,1
.\Back_R2\PICT593.png,2
.\Back_R1\PICT482.png,1
.\Right_R2\PICT078.png,18
.\Top_R0\PICT147.png,20
.\Left_R1\PICT291.png,13
.\Left_R1\PICT335.png,13
.\Back_R0\PICT514.png,0
.\Front_R2\PICT655.png,10
.\Left_R2\PICT325.png,14
.\Left_R0\PICT287.png,12
.\Front_R2\PICT700.png,10
.\Front_R2\PICT721.png,10
.\Bottom_R2\PICT456.png,6
.\Front_R3\PICT664.png,11
.\Right_R3\PICT085.png,19
.\Back_R2\PICT580.png,2
.\Right_R3\PICT021.png,19
.\Back_R0\PICT570.png,0
.\Front_R3\PICT699.png,11
.\Front_R0\PICT733.png,8
.\Bottom_R0\PICT474.png,4
.\Bottom_R0\PICT403.png,4
.\Right_R0\PICT078.png,16
.\Front_R1\PICT698.png,9
.\Front_R0\PICT678.png,8
.\Bottom_R3\PICT458.png,7
.\Bottom_R0\PICT378.png,4
.\Back_R0\PICT564.png,0
.\Bottom_R2\PICT414.png,6
.\Top_R3\PICT152.png,23
.\Bottom_R1\PICT385.png,5
.\Left_R2\PICT317.png,14
.\Left_R1\PICT296.png,13
.\Left_R2\PICT278.png,14
.\Top_R0\PICT159.png,20
.\Right_R3\PICT014.png,19
.\Left_R3\PICT252.png,15
.\Bottom_R0\PICT423.png,4
.\Back_R0\PICT565.png,0
.\Top_R1\PICT223.png,21
.\Left_R0\PICT301.png,12
.\Right_R1\PICT082.png,17
.\Back_R2\PICT596.png,2
.\Top_R3\PICT130.png,23
.\Back_R3\PICT506.png,3
.\Bottom_R1\PICT478.png,5
.\Left_R3\PICT349.png,15
.\Bottom_R1\PICT477.png,5
.\Bottom_R0\PICT468.png,4
.\Right_R1\PICT071.png,17
.\Front_R2\PICT644.png,10
.\Left_R2\PICT315.png,14
.\Right_R1\PICT035.png,17
.\Front_R2\PICT649.png,10
.\Back_R3\PICT603.png,3
.\Back_R1\PICT517.png,1
.\Left_R1\PICT328.png,13
.\Top_R3\PICT240.png,23
.\Front_R2\PICT738.png,10
.\Bottom_R2\PICT455.png,6
.\Bottom_R2\PICT435.png,6
.\Front_R3\PICT728.png,11
.\Front_R0\PICT741.png,8
.\Left_R0\PICT261.png,12
.\Right_R0\PICT091.png,16
.\Right_R2\PICT060.png,18
.\Top_R3\PICT144.png,23
.\Right_R1\PICT022.png,17
.\Back_R2\PICT482.png,2
.\Right_R1\PICT014.png,17
.\Top_R2\PICT185.png,22
.\Left_R2\PICT283.png,14
.\Top_R2\PICT149.png,22
.\Top_R2\PICT179.png,22
.\Bottom_R1\PICT390.png,5
.\Bottom_R1\PICT444.png,5
.\Top_R1\PICT240.png,21
.\Bottom_R3\PICT470.png,7
.\Left_R3\PICT336.png,15
.\Right_R0\PICT019.png,16
.\Top_R3\PICT151.png,23
.\Back_R0\PICT534.png,0
.\Right_R2\PICT018.png,18
.\Right_R3\PICT115.png,19
.\Front_R2\PICT615.png,10
.\Left_R1\PICT314.png,13
.\Bottom_R1\PICT395.png,5
.\Left_R1\PICT284.png,13
.\Bottom_R2\PICT440.png,6
.\Top_R1\PICT164.png,21
.\Top_R2\PICT210.png,22
.\Front_R0\PICT738.png,8
.\Top_R2\PICT186.png,22
.\Top_R0\PICT164.png,20
.\Top_R2\PICT140.png,22
.\Top_R3\PICT140.png,23
.\Front_R0\PICT663.png,8
.\Top_R1\PICT195.png,21
.\Right_R0\PICT097.png,16
.\Front_R1\PICT618.png,9
.\Top_R0\PICT158.png,20
.\Bottom_R3\PICT427.png,7
.\Back_R3\PICT497.png,3
.\Top_R3\PICT213.png,23
.\Bottom_R0\PICT465.png,4
.\Front_R1\PICT643.png,9
.\Back_R2\PICT602.png,2
.\Top_R2\PICT146.png,22
.\Left_R2\PICT313.png,14
.\Right_R2\PICT016.png,18
.\Right_R3\PICT108.png,19
.\Top_R2\PICT207.png,22
.\Left_R0\PICT356.png,12
.\Front_R3\PICT684.png,11
.\Bottom_R3\PICT402.png,7
.\Top_R2\PICT134.png,22
.\Back_R3\PICT508.png,3
.\Top_R3\PICT177.png,23
.\Back_R2\PICT553.png,2
.\Back_R1\PICT609.png,1
.\Front_R2\PICT689.png,10
.\Right_R2\PICT046.png,18
.\Top_R1\PICT212.png,21
.\Bottom_R2\PICT467.png,6
.\Front_R3\PICT629.png,11
.\Front_R0\PICT680.png,8
.\Right_R3\PICT033.png,19
.\Left_R0\PICT273.png,12
.\Front_R0\PICT689.png,8
.\Front_R2\PICT693.png,10
.\Left_R1\PICT346.png,13
.\Left_R3\PICT289.png,15
.\Right_R2\PICT028.png,18
.\Left_R0\PICT302.png,12
.\Back_R0\PICT531.png,0
.\Bottom_R2\PICT478.png,6
.\Left_R2\PICT297.png,14
.\Top_R2\PICT190.png,22
.\Bottom_R0\PICT382.png,4
.\Bottom_R3\PICT397.png,7
.\Bottom_R3\PICT461.png,7
.\Top_R0\PICT207.png,20
.\Front_R0\PICT652.png,8
.\Bottom_R3\PICT443.png,7
.\Back_R1\PICT530.png,1
.\Front_R0\PICT736.png,8
.\Bottom_R3\PICT468.png,7
.\Bottom_R3\PICT392.png,7
.\Back_R2\PICT522.png,2
.\Right_R1\PICT112.png,17
.\Left_R0\PICT266.png,12
.\Right_R1\PICT010.png,17
.\Right_R0\PICT063.png,16
.\Top_R3\PICT118.png,23
.\Top_R1\PICT189.png,21
.\Back_R0\PICT509.png,0
.\Front_R1\PICT737.png,9
.\Front_R1\PICT674.png,9
.\Back_R3\PICT549.png,3
.\Left_R0\PICT326.png,12
.\Top_R3\PICT150.png,23
.\Front_R3\PICT705.png,11
.\Right_R1\PICT097.png,17
.\Back_R3\PICT540.png,3
.\Front_R1\PICT735.png,9
.\Right_R0\PICT030.png,16
.\Top_R0\PICT203.png,20
.\Bottom_R2\PICT372.png,6
.\Right_R1\PICT080.png,17
.\Right_R2\PICT034.png,18
.\Back_R2\PICT496.png,2
.\Left_R2\PICT265.png,14
.\Front_R1\PICT685.png,9
.\Front_R1\PICT736.png,9
.\Bottom_R1\PICT471.png,5
.\Top_R0\PICT233.png,20
.\Top_R1\PICT186.png,21
.\Bottom_R2\PICT460.png,6
.\Top_R0\PICT198.png,20
.\Back_R3\PICT512.png,3
.\Bottom_R1\PICT454.png,5
.\Bottom_R2\PICT383.png,6
.\Bottom_R1\PICT412.png,5
.\Right_R3\PICT041.png,19
.\Right_R0\PICT086.png,16
.\Back_R2\PICT491.png,2
.\Front_R0\PICT628.png,8
.\Top_R3\PICT223.png,23
.\Back_R1\PICT512.png,1
.\Front_R3\PICT713.png,11
.\Bottom_R2\PICT444.png,6
.\Front_R0\PICT721.png,8
.\Bottom_R2\PICT375.png,6
.\Front_R0\PICT635.png,8
.\Bottom_R0\PICT459.png,4
.\Right_R2\PICT102.png,18
.\Back_R0\PICT539.png,0
.\Back_R0\PICT528.png,0
.\Front_R0\PICT707.png,8
.\Top_R2\PICT119.png,22
.\Left_R2\PICT272.png,14
.\Back_R2\PICT612.png,2
.\Front_R2\PICT677.png,10
.\Back_R3\PICT522.png,3
.\Left_R1\PICT358.png,13
.\Front_R1\PICT626.png,9
.\Back_R0\PICT500.png,0
.\Left_R2\PICT310.png,14
.\Top_R0\PICT231.png,20
.\Back_R3\PICT590.png,3
.\Front_R2\PICT621.png,10
.\Bottom_R0\PICT406.png,4
.\Top_R1\PICT241.png,21
.\Left_R2\PICT366.png,14
.\Top_R0\PICT196.png,20
.\Back_R1\PICT516.png,1
.\Right_R0\PICT080.png,16
.\Right_R2\PICT097.png,18
.\Front_R1\PICT691.png,9
.\Top_R3\PICT221.png,23
.\Back_R1\PICT532.png,1
.\Left_R3\PICT297.png,15
.\Bottom_R3\PICT459.png,7
.\Top_R0\PICT236.png,20
.\Back_R3\PICT504.png,3
.\Right_R1\PICT046.png,17
.\Front_R1\PICT683.png,9
.\Left_R0\PICT260.png,12
.\Back_R1\PICT536.png,1
.\Left_R0\PICT278.png,12
.\Top_R1\PICT218.png,21
.\Top_R3\PICT163.png,23
.\Top_R1\PICT122.png,21
.\Back_R0\PICT482.png,0
.\Top_R3\PICT181.png,23
.\Left_R3\PICT345.png,15
.\Top_R3\PICT194.png,23
.\Back_R1\PICT513.png,1
.\Front_R1\PICT719.png,9
.\Right_R2\PICT023.png,18
.\Bottom_R3\PICT451.png,7
.\Back_R2\PICT500.png,2
.\Back_R1\PICT533.png,1
.\Top_R2\PICT221.png,22
.\Bottom_R1\PICT372.png,5
.\Left_R2\PICT274.png,14
.\Bottom_R2\PICT425.png,6
.\Front_R1\PICT744.png,9
.\Left_R0\PICT283.png,12
.\Back_R1\PICT588.png,1
.\Front_R2\PICT733.png,10
.\Front_R3\PICT690.png,11
.\Back_R3\PICT507.png,3
.\Top_R2\PICT157.png,22
.\Left_R2\PICT243.png,14
.\Top_R2\PICT148.png,22
.\Right_R0\PICT042.png,16
.\Right_R1\PICT106.png,17
.\Back_R1\PICT557.png,1
.\Left_R0\PICT307.png,12
.\Front_R1\PICT734.png,9
.\Bottom_R2\PICT466.png,6
.\Back_R2\PICT583.png,2
.\Top_R2\PICT130.png,22
.\Bottom_R0\PICT437.png,4
.\Back_R0\PICT547.png,0
.\Bottom_R3\PICT445.png,7
.\Left_R3\PICT318.png,15
.\Back_R1\PICT556.png,1
.\Front_R1\PICT614.png,9
.\Top_R3\PICT126.png,23
.\Bottom_R1\PICT451.png,5
.\Back_R1\PICT491.png,1
.\Top_R0\PICT151.png,20
.\Front_R3\PICT711.png,11
.\Right_R3\PICT077.png,19
.\Left_R1\PICT272.png,13
.\Back_R1\PICT511.png,1
.\Front_R2\PICT691.png,10
.\Bottom_R2\PICT475.png,6
.\Top_R2\PICT232.png,22
.\Top_R3\PICT185.png,23
.\Back_R1\PICT499.png,1
.\Front_R3\PICT680.png,11
.\Back_R0\PICT571.png,0
.\Left_R1\PICT332.png,13
.\Back_R3\PICT588.png,3
.\Top_R3\PICT160.png,23
.\Front_R1\PICT742.png,9
.\Back_R0\PICT488.png,0
.\Top_R2\PICT242.png,22
.\Bottom_R2\PICT419.png,6
.\Left_R0\PICT285.png,12
.\Bottom_R2\PICT468.png,6
.\Front_R1\PICT720.png,9
.\Top_R0\PICT202.png,20
.\Front_R1\PICT704.png,9
.\Back_R1\PICT597.png,1
.\Front_R0\PICT744.png,8
.\Front_R3\PICT621.png,11
.\Top_R1\PICT134.png,21
.\Right_R0\PICT029.png,16
.\Bottom_R2\PICT422.png,6
.\Top_R0\PICT118.png,20
.\Left_R0\PICT263.png,12
.\Top_R3\PICT172.png,23
.\Bottom_R0\PICT393.png,4
.\Top_R2\PICT124.png,22
.\Front_R0\PICT669.png,8
.\Front_R3\PICT722.png,11
.\Bottom_R3\PICT387.png,7
.\Back_R1\PICT580.png,1
.\Back_R0\PICT510.png,0
.\Back_R3\PICT517.png,3
.\Bottom_R3\PICT417.png,7
.\Bottom_R2\PICT394.png,6
.\Left_R1\PICT281.png,13
.\Left_R0\PICT353.png,12
.\Bottom_R1\PICT476.png,5
.\Top_R2\PICT234.png,22
.\Right_R3\PICT051.png,19
.\Bottom_R0\PICT369.png,4
.\Back_R3\PICT577.png,3
.\Top_R2\PICT122.png,22
.\Back_R1\PICT593.png,1
.\Top_R2\PICT139.png,22
.\Left_R0\PICT349.png,12
.\Front_R3\PICT695.png,11
.\Front_R3\PICT737.png,11
.\Front_R1\PICT662.png,9
.\Front_R3\PICT642.png,11
.\Right_R1\PICT114.png,17
.\Right_R3\PICT055.png,19
.\Front_R2\PICT707.png,10
.\Bottom_R0\PICT412.png,4
.\Back_R2\PICT554.png,2
.\Bottom_R3\PICT386.png,7
.\Back_R2\PICT610.png,2
.\Back_R1\PICT524.png,1
.\Front_R1\PICT627.png,9
.\Top_R0\PICT144.png,20
.\Top_R1\PICT234.png,21
.\Front_R0\PICT692.png,8
.\Bottom_R3\PICT453.png,7
.\Right_R2\PICT032.png,18
.\Bottom_R1\PICT414.png,5
.\Left_R2\PICT345.png,14
.\Front_R3\PICT632.png,11
.\Back_R2\PICT607.png,2
.\Left_R2\PICT305.png,14
.\Left_R3\PICT276.png,15
.\Bottom_R2\PICT367.png,6
.\Back_R2\PICT507.png,2
.\Front_R0\PICT681.png,8
.\Bottom_R2\PICT463.png,6
.\Right_R2\PICT036.png,18
